"REF_DATE","GEO","DGUID","Labour force characteristics","Educational attainment","Sex","Age group","UOM","UOM_ID","SCALAR_FACTOR","SCALAR_ID","VECTOR","COORDINATE","VALUE","STATUS","SYMBOL","TERMINATED","DECIMALS"
"2018","Canada","2016A000011124","Unemployment rate","0 to 8  years","Males","15 to 24 years","Percentage","242","units","0","v2583355","1.8.2.2.2","20.9","","","","1"
"2019","Canada","2016A000011124","Unemployment rate","0 to 8  years","Males","15 to 24 years","Percentage","242","units","0","v2583355","1.8.2.2.2","15.3","","","","1"
"2020","Canada","2016A000011124","Unemployment rate","0 to 8  years","Males","15 to 24 years","Percentage","242","units","0","v2583355","1.8.2.2.2","22.9","","","","1"
"2021","Canada","2016A000011124","Unemployment rate","0 to 8  years","Males","15 to 24 years","Percentage","242","units","0","v2583355","1.8.2.2.2","16.8","","","","1"
"2022","Canada","2016A000011124","Unemployment rate","0 to 8  years","Males","15 to 24 years","Percentage","242","units","0","v2583355","1.8.2.2.2","16.6","","","","1"
"2023","Canada","2016A000011124","Unemployment rate","0 to 8  years","Males","15 to 24 years","Percentage","242","units","0","v2583355","1.8.2.2.2","19.3","","","","1"
"2018","Canada","2016A000011124","Unemployment rate","0 to 8  years","Males","25 years and over","Percentage","242","units","0","v2583445","1.8.2.2.3","8.5","","","","1"
"2019","Canada","2016A000011124","Unemployment rate","0 to 8  years","Males","25 years and over","Percentage","242","units","0","v2583445","1.8.2.2.3","7.1","","","","1"
"2020","Canada","2016A000011124","Unemployment rate","0 to 8  years","Males","25 years and over","Percentage","242","units","0","v2583445","1.8.2.2.3","10.8","","","","1"
"2021","Canada","2016A000011124","Unemployment rate","0 to 8  years","Males","25 years and over","Percentage","242","units","0","v2583445","1.8.2.2.3","10.4","","","","1"
"2022","Canada","2016A000011124","Unemployment rate","0 to 8  years","Males","25 years and over","Percentage","242","units","0","v2583445","1.8.2.2.3","7.2","","","","1"
"2023","Canada","2016A000011124","Unemployment rate","0 to 8  years","Males","25 years and over","Percentage","242","units","0","v2583445","1.8.2.2.3","7.2","","","","1"
"2018","Canada","2016A000011124","Unemployment rate","0 to 8  years","Males","25 to 44 years","Percentage","242","units","0","v2583535","1.8.2.2.4","8.8","","","","1"
"2019","Canada","2016A000011124","Unemployment rate","0 to 8  years","Males","25 to 44 years","Percentage","242","units","0","v2583535","1.8.2.2.4","8.7","","","","1"
"2020","Canada","2016A000011124","Unemployment rate","0 to 8  years","Males","25 to 44 years","Percentage","242","units","0","v2583535","1.8.2.2.4","11.4","","","","1"
"2021","Canada","2016A000011124","Unemployment rate","0 to 8  years","Males","25 to 44 years","Percentage","242","units","0","v2583535","1.8.2.2.4","8.6","","","","1"
"2022","Canada","2016A000011124","Unemployment rate","0 to 8  years","Males","25 to 44 years","Percentage","242","units","0","v2583535","1.8.2.2.4","7.5","","","","1"
"2023","Canada","2016A000011124","Unemployment rate","0 to 8  years","Males","25 to 44 years","Percentage","242","units","0","v2583535","1.8.2.2.4","7.3","","","","1"
"2018","Canada","2016A000011124","Unemployment rate","0 to 8  years","Males","45 years and over","Percentage","242","units","0","v2583625","1.8.2.2.5","8.4","","","","1"
"2019","Canada","2016A000011124","Unemployment rate","0 to 8  years","Males","45 years and over","Percentage","242","units","0","v2583625","1.8.2.2.5","6.5","","","","1"
"2020","Canada","2016A000011124","Unemployment rate","0 to 8  years","Males","45 years and over","Percentage","242","units","0","v2583625","1.8.2.2.5","10.5","","","","1"
"2021","Canada","2016A000011124","Unemployment rate","0 to 8  years","Males","45 years and over","Percentage","242","units","0","v2583625","1.8.2.2.5","11.0","","","","1"
"2022","Canada","2016A000011124","Unemployment rate","0 to 8  years","Males","45 years and over","Percentage","242","units","0","v2583625","1.8.2.2.5","7.1","","","","1"
"2023","Canada","2016A000011124","Unemployment rate","0 to 8  years","Males","45 years and over","Percentage","242","units","0","v2583625","1.8.2.2.5","7.1","","","","1"
"2018","Canada","2016A000011124","Unemployment rate","0 to 8  years","Males","25 to 54 years","Percentage","242","units","0","v2583715","1.8.2.2.6","8.8","","","","1"
"2019","Canada","2016A000011124","Unemployment rate","0 to 8  years","Males","25 to 54 years","Percentage","242","units","0","v2583715","1.8.2.2.6","8.0","","","","1"
"2020","Canada","2016A000011124","Unemployment rate","0 to 8  years","Males","25 to 54 years","Percentage","242","units","0","v2583715","1.8.2.2.6","11.5","","","","1"
"2021","Canada","2016A000011124","Unemployment rate","0 to 8  years","Males","25 to 54 years","Percentage","242","units","0","v2583715","1.8.2.2.6","8.7","","","","1"
"2022","Canada","2016A000011124","Unemployment rate","0 to 8  years","Males","25 to 54 years","Percentage","242","units","0","v2583715","1.8.2.2.6","7.4","","","","1"
"2023","Canada","2016A000011124","Unemployment rate","0 to 8  years","Males","25 to 54 years","Percentage","242","units","0","v2583715","1.8.2.2.6","6.0","","","","1"
"2018","Canada","2016A000011124","Unemployment rate","0 to 8  years","Males","55 years and over","Percentage","242","units","0","v2583805","1.8.2.2.7","8.3","","","","1"
"2019","Canada","2016A000011124","Unemployment rate","0 to 8  years","Males","55 years and over","Percentage","242","units","0","v2583805","1.8.2.2.7","6.2","","","","1"
"2020","Canada","2016A000011124","Unemployment rate","0 to 8  years","Males","55 years and over","Percentage","242","units","0","v2583805","1.8.2.2.7","10.3","","","","1"
"2021","Canada","2016A000011124","Unemployment rate","0 to 8  years","Males","55 years and over","Percentage","242","units","0","v2583805","1.8.2.2.7","12.0","","","","1"
"2022","Canada","2016A000011124","Unemployment rate","0 to 8  years","Males","55 years and over","Percentage","242","units","0","v2583805","1.8.2.2.7","6.9","","","","1"
"2023","Canada","2016A000011124","Unemployment rate","0 to 8  years","Males","55 years and over","Percentage","242","units","0","v2583805","1.8.2.2.7","8.6","","","","1"
"2018","Canada","2016A000011124","Unemployment rate","0 to 8  years","Males","55 to 64 years","Percentage","242","units","0","v2583895","1.8.2.2.8","10.2","","","","1"
"2019","Canada","2016A000011124","Unemployment rate","0 to 8  years","Males","55 to 64 years","Percentage","242","units","0","v2583895","1.8.2.2.8","8.0","","","","1"
"2020","Canada","2016A000011124","Unemployment rate","0 to 8  years","Males","55 to 64 years","Percentage","242","units","0","v2583895","1.8.2.2.8","12.4","","","","1"
"2021","Canada","2016A000011124","Unemployment rate","0 to 8  years","Males","55 to 64 years","Percentage","242","units","0","v2583895","1.8.2.2.8","13.4","","","","1"
"2022","Canada","2016A000011124","Unemployment rate","0 to 8  years","Males","55 to 64 years","Percentage","242","units","0","v2583895","1.8.2.2.8","6.8","","","","1"
"2023","Canada","2016A000011124","Unemployment rate","0 to 8  years","Males","55 to 64 years","Percentage","242","units","0","v2583895","1.8.2.2.8","9.0","","","","1"
"2018","Canada","2016A000011124","Unemployment rate","0 to 8  years","Females","15 to 24 years","Percentage","242","units","0","v2584165","1.8.2.3.2","18.9","","","","1"
"2019","Canada","2016A000011124","Unemployment rate","0 to 8  years","Females","15 to 24 years","Percentage","242","units","0","v2584165","1.8.2.3.2","21.4","","","","1"
"2020","Canada","2016A000011124","Unemployment rate","0 to 8  years","Females","15 to 24 years","Percentage","242","units","0","v2584165","1.8.2.3.2","25.2","","","","1"
"2021","Canada","2016A000011124","Unemployment rate","0 to 8  years","Females","15 to 24 years","Percentage","242","units","0","v2584165","1.8.2.3.2","15.2","","","","1"
"2022","Canada","2016A000011124","Unemployment rate","0 to 8  years","Females","15 to 24 years","Percentage","242","units","0","v2584165","1.8.2.3.2","12.9","","","","1"
"2023","Canada","2016A000011124","Unemployment rate","0 to 8  years","Females","15 to 24 years","Percentage","242","units","0","v2584165","1.8.2.3.2","17.7","","","","1"
"2018","Canada","2016A000011124","Unemployment rate","0 to 8  years","Females","25 years and over","Percentage","242","units","0","v2584255","1.8.2.3.3","9.3","","","","1"
"2019","Canada","2016A000011124","Unemployment rate","0 to 8  years","Females","25 years and over","Percentage","242","units","0","v2584255","1.8.2.3.3","10.5","","","","1"
"2020","Canada","2016A000011124","Unemployment rate","0 to 8  years","Females","25 years and over","Percentage","242","units","0","v2584255","1.8.2.3.3","14.5","","","","1"
"2021","Canada","2016A000011124","Unemployment rate","0 to 8  years","Females","25 years and over","Percentage","242","units","0","v2584255","1.8.2.3.3","11.1","","","","1"
"2022","Canada","2016A000011124","Unemployment rate","0 to 8  years","Females","25 years and over","Percentage","242","units","0","v2584255","1.8.2.3.3","10.1","","","","1"
"2023","Canada","2016A000011124","Unemployment rate","0 to 8  years","Females","25 years and over","Percentage","242","units","0","v2584255","1.8.2.3.3","10.6","","","","1"
"2018","Canada","2016A000011124","Unemployment rate","0 to 8  years","Females","25 to 44 years","Percentage","242","units","0","v2584345","1.8.2.3.4","12.6","","","","1"
"2019","Canada","2016A000011124","Unemployment rate","0 to 8  years","Females","25 to 44 years","Percentage","242","units","0","v2584345","1.8.2.3.4","11.4","","","","1"
"2020","Canada","2016A000011124","Unemployment rate","0 to 8  years","Females","25 to 44 years","Percentage","242","units","0","v2584345","1.8.2.3.4","19.3","","","","1"
"2021","Canada","2016A000011124","Unemployment rate","0 to 8  years","Females","25 to 44 years","Percentage","242","units","0","v2584345","1.8.2.3.4","15.6","","","","1"
"2022","Canada","2016A000011124","Unemployment rate","0 to 8  years","Females","25 to 44 years","Percentage","242","units","0","v2584345","1.8.2.3.4","10.9","","","","1"
"2023","Canada","2016A000011124","Unemployment rate","0 to 8  years","Females","25 to 44 years","Percentage","242","units","0","v2584345","1.8.2.3.4","21.2","","","","1"
"2018","Canada","2016A000011124","Unemployment rate","0 to 8  years","Females","45 years and over","Percentage","242","units","0","v2584435","1.8.2.3.5","8.1","","","","1"
"2019","Canada","2016A000011124","Unemployment rate","0 to 8  years","Females","45 years and over","Percentage","242","units","0","v2584435","1.8.2.3.5","10.3","","","","1"
"2020","Canada","2016A000011124","Unemployment rate","0 to 8  years","Females","45 years and over","Percentage","242","units","0","v2584435","1.8.2.3.5","13.2","","","","1"
"2021","Canada","2016A000011124","Unemployment rate","0 to 8  years","Females","45 years and over","Percentage","242","units","0","v2584435","1.8.2.3.5","9.9","","","","1"
"2022","Canada","2016A000011124","Unemployment rate","0 to 8  years","Females","45 years and over","Percentage","242","units","0","v2584435","1.8.2.3.5","9.9","","","","1"
"2023","Canada","2016A000011124","Unemployment rate","0 to 8  years","Females","45 years and over","Percentage","242","units","0","v2584435","1.8.2.3.5","7.0","","","","1"
"2018","Canada","2016A000011124","Unemployment rate","0 to 8  years","Females","25 to 54 years","Percentage","242","units","0","v2584525","1.8.2.3.6","10.3","","","","1"
"2019","Canada","2016A000011124","Unemployment rate","0 to 8  years","Females","25 to 54 years","Percentage","242","units","0","v2584525","1.8.2.3.6","11.3","","","","1"
"2020","Canada","2016A000011124","Unemployment rate","0 to 8  years","Females","25 to 54 years","Percentage","242","units","0","v2584525","1.8.2.3.6","14.8","","","","1"
"2021","Canada","2016A000011124","Unemployment rate","0 to 8  years","Females","25 to 54 years","Percentage","242","units","0","v2584525","1.8.2.3.6","13.0","","","","1"
"2022","Canada","2016A000011124","Unemployment rate","0 to 8  years","Females","25 to 54 years","Percentage","242","units","0","v2584525","1.8.2.3.6","12.1","","","","1"
"2023","Canada","2016A000011124","Unemployment rate","0 to 8  years","Females","25 to 54 years","Percentage","242","units","0","v2584525","1.8.2.3.6","14.1","","","","1"
"2018","Canada","2016A000011124","Unemployment rate","0 to 8  years","Females","55 years and over","Percentage","242","units","0","v2584615","1.8.2.3.7","7.9","","","","1"
"2019","Canada","2016A000011124","Unemployment rate","0 to 8  years","Females","55 years and over","Percentage","242","units","0","v2584615","1.8.2.3.7","9.7","","","","1"
"2020","Canada","2016A000011124","Unemployment rate","0 to 8  years","Females","55 years and over","Percentage","242","units","0","v2584615","1.8.2.3.7","14.2","","","","1"
"2021","Canada","2016A000011124","Unemployment rate","0 to 8  years","Females","55 years and over","Percentage","242","units","0","v2584615","1.8.2.3.7","9.9","","","","1"
"2022","Canada","2016A000011124","Unemployment rate","0 to 8  years","Females","55 years and over","Percentage","242","units","0","v2584615","1.8.2.3.7","8.0","","","","1"
"2023","Canada","2016A000011124","Unemployment rate","0 to 8  years","Females","55 years and over","Percentage","242","units","0","v2584615","1.8.2.3.7","7.5","","","","1"
"2018","Canada","2016A000011124","Unemployment rate","0 to 8  years","Females","55 to 64 years","Percentage","242","units","0","v2584705","1.8.2.3.8","9.4","","","","1"
"2019","Canada","2016A000011124","Unemployment rate","0 to 8  years","Females","55 to 64 years","Percentage","242","units","0","v2584705","1.8.2.3.8","9.3","","","","1"
"2020","Canada","2016A000011124","Unemployment rate","0 to 8  years","Females","55 to 64 years","Percentage","242","units","0","v2584705","1.8.2.3.8","15.6","","","","1"
"2021","Canada","2016A000011124","Unemployment rate","0 to 8  years","Females","55 to 64 years","Percentage","242","units","0","v2584705","1.8.2.3.8","10.5","","","","1"
"2022","Canada","2016A000011124","Unemployment rate","0 to 8  years","Females","55 to 64 years","Percentage","242","units","0","v2584705","1.8.2.3.8","7.0","","","","1"
"2023","Canada","2016A000011124","Unemployment rate","0 to 8  years","Females","55 to 64 years","Percentage","242","units","0","v2584705","1.8.2.3.8","8.2","","","","1"
"2018","Canada","2016A000011124","Unemployment rate","Some high school","Males","15 to 24 years","Percentage","242","units","0","v2583356","1.8.3.2.2","18.1","","","","1"
"2019","Canada","2016A000011124","Unemployment rate","Some high school","Males","15 to 24 years","Percentage","242","units","0","v2583356","1.8.3.2.2","18.3","","","","1"
"2020","Canada","2016A000011124","Unemployment rate","Some high school","Males","15 to 24 years","Percentage","242","units","0","v2583356","1.8.3.2.2","25.8","","","","1"
"2021","Canada","2016A000011124","Unemployment rate","Some high school","Males","15 to 24 years","Percentage","242","units","0","v2583356","1.8.3.2.2","20.3","","","","1"
"2022","Canada","2016A000011124","Unemployment rate","Some high school","Males","15 to 24 years","Percentage","242","units","0","v2583356","1.8.3.2.2","15.1","","","","1"
"2023","Canada","2016A000011124","Unemployment rate","Some high school","Males","15 to 24 years","Percentage","242","units","0","v2583356","1.8.3.2.2","16.3","","","","1"
"2018","Canada","2016A000011124","Unemployment rate","Some high school","Males","25 years and over","Percentage","242","units","0","v2583446","1.8.3.2.3","7.9","","","","1"
"2019","Canada","2016A000011124","Unemployment rate","Some high school","Males","25 years and over","Percentage","242","units","0","v2583446","1.8.3.2.3","8.3","","","","1"
"2020","Canada","2016A000011124","Unemployment rate","Some high school","Males","25 years and over","Percentage","242","units","0","v2583446","1.8.3.2.3","11.3","","","","1"
"2021","Canada","2016A000011124","Unemployment rate","Some high school","Males","25 years and over","Percentage","242","units","0","v2583446","1.8.3.2.3","10.2","","","","1"
"2022","Canada","2016A000011124","Unemployment rate","Some high school","Males","25 years and over","Percentage","242","units","0","v2583446","1.8.3.2.3","8.2","","","","1"
"2023","Canada","2016A000011124","Unemployment rate","Some high school","Males","25 years and over","Percentage","242","units","0","v2583446","1.8.3.2.3","7.5","","","","1"
"2018","Canada","2016A000011124","Unemployment rate","Some high school","Males","25 to 44 years","Percentage","242","units","0","v2583536","1.8.3.2.4","9.4","","","","1"
"2019","Canada","2016A000011124","Unemployment rate","Some high school","Males","25 to 44 years","Percentage","242","units","0","v2583536","1.8.3.2.4","9.6","","","","1"
"2020","Canada","2016A000011124","Unemployment rate","Some high school","Males","25 to 44 years","Percentage","242","units","0","v2583536","1.8.3.2.4","13.7","","","","1"
"2021","Canada","2016A000011124","Unemployment rate","Some high school","Males","25 to 44 years","Percentage","242","units","0","v2583536","1.8.3.2.4","11.9","","","","1"
"2022","Canada","2016A000011124","Unemployment rate","Some high school","Males","25 to 44 years","Percentage","242","units","0","v2583536","1.8.3.2.4","9.6","","","","1"
"2023","Canada","2016A000011124","Unemployment rate","Some high school","Males","25 to 44 years","Percentage","242","units","0","v2583536","1.8.3.2.4","9.0","","","","1"
"2018","Canada","2016A000011124","Unemployment rate","Some high school","Males","45 years and over","Percentage","242","units","0","v2583626","1.8.3.2.5","7.0","","","","1"
"2019","Canada","2016A000011124","Unemployment rate","Some high school","Males","45 years and over","Percentage","242","units","0","v2583626","1.8.3.2.5","7.4","","","","1"
"2020","Canada","2016A000011124","Unemployment rate","Some high school","Males","45 years and over","Percentage","242","units","0","v2583626","1.8.3.2.5","9.8","","","","1"
"2021","Canada","2016A000011124","Unemployment rate","Some high school","Males","45 years and over","Percentage","242","units","0","v2583626","1.8.3.2.5","9.2","","","","1"
"2022","Canada","2016A000011124","Unemployment rate","Some high school","Males","45 years and over","Percentage","242","units","0","v2583626","1.8.3.2.5","7.3","","","","1"
"2023","Canada","2016A000011124","Unemployment rate","Some high school","Males","45 years and over","Percentage","242","units","0","v2583626","1.8.3.2.5","6.6","","","","1"
"2018","Canada","2016A000011124","Unemployment rate","Some high school","Males","25 to 54 years","Percentage","242","units","0","v2583716","1.8.3.2.6","8.4","","","","1"
"2019","Canada","2016A000011124","Unemployment rate","Some high school","Males","25 to 54 years","Percentage","242","units","0","v2583716","1.8.3.2.6","9.0","","","","1"
"2020","Canada","2016A000011124","Unemployment rate","Some high school","Males","25 to 54 years","Percentage","242","units","0","v2583716","1.8.3.2.6","12.2","","","","1"
"2021","Canada","2016A000011124","Unemployment rate","Some high school","Males","25 to 54 years","Percentage","242","units","0","v2583716","1.8.3.2.6","10.9","","","","1"
"2022","Canada","2016A000011124","Unemployment rate","Some high school","Males","25 to 54 years","Percentage","242","units","0","v2583716","1.8.3.2.6","8.9","","","","1"
"2023","Canada","2016A000011124","Unemployment rate","Some high school","Males","25 to 54 years","Percentage","242","units","0","v2583716","1.8.3.2.6","8.3","","","","1"
"2018","Canada","2016A000011124","Unemployment rate","Some high school","Males","55 years and over","Percentage","242","units","0","v2583806","1.8.3.2.7","7.3","","","","1"
"2019","Canada","2016A000011124","Unemployment rate","Some high school","Males","55 years and over","Percentage","242","units","0","v2583806","1.8.3.2.7","7.2","","","","1"
"2020","Canada","2016A000011124","Unemployment rate","Some high school","Males","55 years and over","Percentage","242","units","0","v2583806","1.8.3.2.7","9.9","","","","1"
"2021","Canada","2016A000011124","Unemployment rate","Some high school","Males","55 years and over","Percentage","242","units","0","v2583806","1.8.3.2.7","9.3","","","","1"
"2022","Canada","2016A000011124","Unemployment rate","Some high school","Males","55 years and over","Percentage","242","units","0","v2583806","1.8.3.2.7","7.1","","","","1"
"2023","Canada","2016A000011124","Unemployment rate","Some high school","Males","55 years and over","Percentage","242","units","0","v2583806","1.8.3.2.7","6.3","","","","1"
"2018","Canada","2016A000011124","Unemployment rate","Some high school","Males","55 to 64 years","Percentage","242","units","0","v2583896","1.8.3.2.8","8.1","","","","1"
"2019","Canada","2016A000011124","Unemployment rate","Some high school","Males","55 to 64 years","Percentage","242","units","0","v2583896","1.8.3.2.8","8.3","","","","1"
"2020","Canada","2016A000011124","Unemployment rate","Some high school","Males","55 to 64 years","Percentage","242","units","0","v2583896","1.8.3.2.8","11.0","","","","1"
"2021","Canada","2016A000011124","Unemployment rate","Some high school","Males","55 to 64 years","Percentage","242","units","0","v2583896","1.8.3.2.8","10.3","","","","1"
"2022","Canada","2016A000011124","Unemployment rate","Some high school","Males","55 to 64 years","Percentage","242","units","0","v2583896","1.8.3.2.8","8.1","","","","1"
"2023","Canada","2016A000011124","Unemployment rate","Some high school","Males","55 to 64 years","Percentage","242","units","0","v2583896","1.8.3.2.8","6.4","","","","1"
"2018","Canada","2016A000011124","Unemployment rate","Some high school","Females","15 to 24 years","Percentage","242","units","0","v2584166","1.8.3.3.2","15.9","","","","1"
"2019","Canada","2016A000011124","Unemployment rate","Some high school","Females","15 to 24 years","Percentage","242","units","0","v2584166","1.8.3.3.2","15.2","","","","1"
"2020","Canada","2016A000011124","Unemployment rate","Some high school","Females","15 to 24 years","Percentage","242","units","0","v2584166","1.8.3.3.2","25.1","","","","1"
"2021","Canada","2016A000011124","Unemployment rate","Some high school","Females","15 to 24 years","Percentage","242","units","0","v2584166","1.8.3.3.2","19.1","","","","1"
"2022","Canada","2016A000011124","Unemployment rate","Some high school","Females","15 to 24 years","Percentage","242","units","0","v2584166","1.8.3.3.2","14.7","","","","1"
"2023","Canada","2016A000011124","Unemployment rate","Some high school","Females","15 to 24 years","Percentage","242","units","0","v2584166","1.8.3.3.2","17.3","","","","1"
"2018","Canada","2016A000011124","Unemployment rate","Some high school","Females","25 years and over","Percentage","242","units","0","v2584256","1.8.3.3.3","8.7","","","","1"
"2019","Canada","2016A000011124","Unemployment rate","Some high school","Females","25 years and over","Percentage","242","units","0","v2584256","1.8.3.3.3","7.6","","","","1"
"2020","Canada","2016A000011124","Unemployment rate","Some high school","Females","25 years and over","Percentage","242","units","0","v2584256","1.8.3.3.3","13.0","","","","1"
"2021","Canada","2016A000011124","Unemployment rate","Some high school","Females","25 years and over","Percentage","242","units","0","v2584256","1.8.3.3.3","12.2","","","","1"
"2022","Canada","2016A000011124","Unemployment rate","Some high school","Females","25 years and over","Percentage","242","units","0","v2584256","1.8.3.3.3","9.0","","","","1"
"2023","Canada","2016A000011124","Unemployment rate","Some high school","Females","25 years and over","Percentage","242","units","0","v2584256","1.8.3.3.3","8.5","","","","1"
"2018","Canada","2016A000011124","Unemployment rate","Some high school","Females","25 to 44 years","Percentage","242","units","0","v2584346","1.8.3.3.4","11.8","","","","1"
"2019","Canada","2016A000011124","Unemployment rate","Some high school","Females","25 to 44 years","Percentage","242","units","0","v2584346","1.8.3.3.4","10.6","","","","1"
"2020","Canada","2016A000011124","Unemployment rate","Some high school","Females","25 to 44 years","Percentage","242","units","0","v2584346","1.8.3.3.4","14.3","","","","1"
"2021","Canada","2016A000011124","Unemployment rate","Some high school","Females","25 to 44 years","Percentage","242","units","0","v2584346","1.8.3.3.4","15.9","","","","1"
"2022","Canada","2016A000011124","Unemployment rate","Some high school","Females","25 to 44 years","Percentage","242","units","0","v2584346","1.8.3.3.4","10.4","","","","1"
"2023","Canada","2016A000011124","Unemployment rate","Some high school","Females","25 to 44 years","Percentage","242","units","0","v2584346","1.8.3.3.4","11.5","","","","1"
"2018","Canada","2016A000011124","Unemployment rate","Some high school","Females","45 years and over","Percentage","242","units","0","v2584436","1.8.3.3.5","7.2","","","","1"
"2019","Canada","2016A000011124","Unemployment rate","Some high school","Females","45 years and over","Percentage","242","units","0","v2584436","1.8.3.3.5","6.1","","","","1"
"2020","Canada","2016A000011124","Unemployment rate","Some high school","Females","45 years and over","Percentage","242","units","0","v2584436","1.8.3.3.5","12.4","","","","1"
"2021","Canada","2016A000011124","Unemployment rate","Some high school","Females","45 years and over","Percentage","242","units","0","v2584436","1.8.3.3.5","10.5","","","","1"
"2022","Canada","2016A000011124","Unemployment rate","Some high school","Females","45 years and over","Percentage","242","units","0","v2584436","1.8.3.3.5","8.3","","","","1"
"2023","Canada","2016A000011124","Unemployment rate","Some high school","Females","45 years and over","Percentage","242","units","0","v2584436","1.8.3.3.5","7.1","","","","1"
"2018","Canada","2016A000011124","Unemployment rate","Some high school","Females","25 to 54 years","Percentage","242","units","0","v2584526","1.8.3.3.6","10.1","","","","1"
"2019","Canada","2016A000011124","Unemployment rate","Some high school","Females","25 to 54 years","Percentage","242","units","0","v2584526","1.8.3.3.6","9.1","","","","1"
"2020","Canada","2016A000011124","Unemployment rate","Some high school","Females","25 to 54 years","Percentage","242","units","0","v2584526","1.8.3.3.6","13.8","","","","1"
"2021","Canada","2016A000011124","Unemployment rate","Some high school","Females","25 to 54 years","Percentage","242","units","0","v2584526","1.8.3.3.6","14.5","","","","1"
"2022","Canada","2016A000011124","Unemployment rate","Some high school","Females","25 to 54 years","Percentage","242","units","0","v2584526","1.8.3.3.6","9.5","","","","1"
"2023","Canada","2016A000011124","Unemployment rate","Some high school","Females","25 to 54 years","Percentage","242","units","0","v2584526","1.8.3.3.6","10.3","","","","1"
"2018","Canada","2016A000011124","Unemployment rate","Some high school","Females","55 years and over","Percentage","242","units","0","v2584616","1.8.3.3.7","6.7","","","","1"
"2019","Canada","2016A000011124","Unemployment rate","Some high school","Females","55 years and over","Percentage","242","units","0","v2584616","1.8.3.3.7","5.6","","","","1"
"2020","Canada","2016A000011124","Unemployment rate","Some high school","Females","55 years and over","Percentage","242","units","0","v2584616","1.8.3.3.7","12.0","","","","1"
"2021","Canada","2016A000011124","Unemployment rate","Some high school","Females","55 years and over","Percentage","242","units","0","v2584616","1.8.3.3.7","9.6","","","","1"
"2022","Canada","2016A000011124","Unemployment rate","Some high school","Females","55 years and over","Percentage","242","units","0","v2584616","1.8.3.3.7","8.3","","","","1"
"2023","Canada","2016A000011124","Unemployment rate","Some high school","Females","55 years and over","Percentage","242","units","0","v2584616","1.8.3.3.7","6.4","","","","1"
"2018","Canada","2016A000011124","Unemployment rate","Some high school","Females","55 to 64 years","Percentage","242","units","0","v2584706","1.8.3.3.8","7.9","","","","1"
"2019","Canada","2016A000011124","Unemployment rate","Some high school","Females","55 to 64 years","Percentage","242","units","0","v2584706","1.8.3.3.8","6.0","","","","1"
"2020","Canada","2016A000011124","Unemployment rate","Some high school","Females","55 to 64 years","Percentage","242","units","0","v2584706","1.8.3.3.8","12.5","","","","1"
"2021","Canada","2016A000011124","Unemployment rate","Some high school","Females","55 to 64 years","Percentage","242","units","0","v2584706","1.8.3.3.8","11.1","","","","1"
"2022","Canada","2016A000011124","Unemployment rate","Some high school","Females","55 to 64 years","Percentage","242","units","0","v2584706","1.8.3.3.8","8.6","","","","1"
"2023","Canada","2016A000011124","Unemployment rate","Some high school","Females","55 to 64 years","Percentage","242","units","0","v2584706","1.8.3.3.8","7.5","","","","1"
"2018","Canada","2016A000011124","Unemployment rate","High school graduate","Males","15 to 24 years","Percentage","242","units","0","v2583357","1.8.4.2.2","11.7","","","","1"
"2019","Canada","2016A000011124","Unemployment rate","High school graduate","Males","15 to 24 years","Percentage","242","units","0","v2583357","1.8.4.2.2","12.4","","","","1"
"2020","Canada","2016A000011124","Unemployment rate","High school graduate","Males","15 to 24 years","Percentage","242","units","0","v2583357","1.8.4.2.2","21.0","","","","1"
"2021","Canada","2016A000011124","Unemployment rate","High school graduate","Males","15 to 24 years","Percentage","242","units","0","v2583357","1.8.4.2.2","13.5","","","","1"
"2022","Canada","2016A000011124","Unemployment rate","High school graduate","Males","15 to 24 years","Percentage","242","units","0","v2583357","1.8.4.2.2","11.9","","","","1"
"2023","Canada","2016A000011124","Unemployment rate","High school graduate","Males","15 to 24 years","Percentage","242","units","0","v2583357","1.8.4.2.2","11.6","","","","1"
"2018","Canada","2016A000011124","Unemployment rate","High school graduate","Males","25 years and over","Percentage","242","units","0","v2583447","1.8.4.2.3","5.8","","","","1"
"2019","Canada","2016A000011124","Unemployment rate","High school graduate","Males","25 years and over","Percentage","242","units","0","v2583447","1.8.4.2.3","6.1","","","","1"
"2020","Canada","2016A000011124","Unemployment rate","High school graduate","Males","25 years and over","Percentage","242","units","0","v2583447","1.8.4.2.3","10.0","","","","1"
"2021","Canada","2016A000011124","Unemployment rate","High school graduate","Males","25 years and over","Percentage","242","units","0","v2583447","1.8.4.2.3","8.4","","","","1"
"2022","Canada","2016A000011124","Unemployment rate","High school graduate","Males","25 years and over","Percentage","242","units","0","v2583447","1.8.4.2.3","5.6","","","","1"
"2023","Canada","2016A000011124","Unemployment rate","High school graduate","Males","25 years and over","Percentage","242","units","0","v2583447","1.8.4.2.3","5.6","","","","1"
"2018","Canada","2016A000011124","Unemployment rate","High school graduate","Males","25 to 44 years","Percentage","242","units","0","v2583537","1.8.4.2.4","6.6","","","","1"
"2019","Canada","2016A000011124","Unemployment rate","High school graduate","Males","25 to 44 years","Percentage","242","units","0","v2583537","1.8.4.2.4","7.3","","","","1"
"2020","Canada","2016A000011124","Unemployment rate","High school graduate","Males","25 to 44 years","Percentage","242","units","0","v2583537","1.8.4.2.4","12.1","","","","1"
"2021","Canada","2016A000011124","Unemployment rate","High school graduate","Males","25 to 44 years","Percentage","242","units","0","v2583537","1.8.4.2.4","9.0","","","","1"
"2022","Canada","2016A000011124","Unemployment rate","High school graduate","Males","25 to 44 years","Percentage","242","units","0","v2583537","1.8.4.2.4","6.3","","","","1"
"2023","Canada","2016A000011124","Unemployment rate","High school graduate","Males","25 to 44 years","Percentage","242","units","0","v2583537","1.8.4.2.4","6.9","","","","1"
"2018","Canada","2016A000011124","Unemployment rate","High school graduate","Males","45 years and over","Percentage","242","units","0","v2583627","1.8.4.2.5","5.0","","","","1"
"2019","Canada","2016A000011124","Unemployment rate","High school graduate","Males","45 years and over","Percentage","242","units","0","v2583627","1.8.4.2.5","5.0","","","","1"
"2020","Canada","2016A000011124","Unemployment rate","High school graduate","Males","45 years and over","Percentage","242","units","0","v2583627","1.8.4.2.5","8.1","","","","1"
"2021","Canada","2016A000011124","Unemployment rate","High school graduate","Males","45 years and over","Percentage","242","units","0","v2583627","1.8.4.2.5","7.9","","","","1"
"2022","Canada","2016A000011124","Unemployment rate","High school graduate","Males","45 years and over","Percentage","242","units","0","v2583627","1.8.4.2.5","4.9","","","","1"
"2023","Canada","2016A000011124","Unemployment rate","High school graduate","Males","45 years and over","Percentage","242","units","0","v2583627","1.8.4.2.5","4.3","","","","1"
"2018","Canada","2016A000011124","Unemployment rate","High school graduate","Males","25 to 54 years","Percentage","242","units","0","v2583717","1.8.4.2.6","6.0","","","","1"
"2019","Canada","2016A000011124","Unemployment rate","High school graduate","Males","25 to 54 years","Percentage","242","units","0","v2583717","1.8.4.2.6","6.3","","","","1"
"2020","Canada","2016A000011124","Unemployment rate","High school graduate","Males","25 to 54 years","Percentage","242","units","0","v2583717","1.8.4.2.6","10.5","","","","1"
"2021","Canada","2016A000011124","Unemployment rate","High school graduate","Males","25 to 54 years","Percentage","242","units","0","v2583717","1.8.4.2.6","8.4","","","","1"
"2022","Canada","2016A000011124","Unemployment rate","High school graduate","Males","25 to 54 years","Percentage","242","units","0","v2583717","1.8.4.2.6","5.7","","","","1"
"2023","Canada","2016A000011124","Unemployment rate","High school graduate","Males","25 to 54 years","Percentage","242","units","0","v2583717","1.8.4.2.6","6.1","","","","1"
"2018","Canada","2016A000011124","Unemployment rate","High school graduate","Males","55 years and over","Percentage","242","units","0","v2583807","1.8.4.2.7","5.1","","","","1"
"2019","Canada","2016A000011124","Unemployment rate","High school graduate","Males","55 years and over","Percentage","242","units","0","v2583807","1.8.4.2.7","5.4","","","","1"
"2020","Canada","2016A000011124","Unemployment rate","High school graduate","Males","55 years and over","Percentage","242","units","0","v2583807","1.8.4.2.7","8.7","","","","1"
"2021","Canada","2016A000011124","Unemployment rate","High school graduate","Males","55 years and over","Percentage","242","units","0","v2583807","1.8.4.2.7","8.4","","","","1"
"2022","Canada","2016A000011124","Unemployment rate","High school graduate","Males","55 years and over","Percentage","242","units","0","v2583807","1.8.4.2.7","5.1","","","","1"
"2023","Canada","2016A000011124","Unemployment rate","High school graduate","Males","55 years and over","Percentage","242","units","0","v2583807","1.8.4.2.7","4.4","","","","1"
"2018","Canada","2016A000011124","Unemployment rate","High school graduate","Males","55 to 64 years","Percentage","242","units","0","v2583897","1.8.4.2.8","5.2","","","","1"
"2019","Canada","2016A000011124","Unemployment rate","High school graduate","Males","55 to 64 years","Percentage","242","units","0","v2583897","1.8.4.2.8","6.0","","","","1"
"2020","Canada","2016A000011124","Unemployment rate","High school graduate","Males","55 to 64 years","Percentage","242","units","0","v2583897","1.8.4.2.8","8.6","","","","1"
"2021","Canada","2016A000011124","Unemployment rate","High school graduate","Males","55 to 64 years","Percentage","242","units","0","v2583897","1.8.4.2.8","7.7","","","","1"
"2022","Canada","2016A000011124","Unemployment rate","High school graduate","Males","55 to 64 years","Percentage","242","units","0","v2583897","1.8.4.2.8","5.4","","","","1"
"2023","Canada","2016A000011124","Unemployment rate","High school graduate","Males","55 to 64 years","Percentage","242","units","0","v2583897","1.8.4.2.8","4.8","","","","1"
"2018","Canada","2016A000011124","Unemployment rate","High school graduate","Females","15 to 24 years","Percentage","242","units","0","v2584167","1.8.4.3.2","8.3","","","","1"
"2019","Canada","2016A000011124","Unemployment rate","High school graduate","Females","15 to 24 years","Percentage","242","units","0","v2584167","1.8.4.3.2","9.0","","","","1"
"2020","Canada","2016A000011124","Unemployment rate","High school graduate","Females","15 to 24 years","Percentage","242","units","0","v2584167","1.8.4.3.2","19.7","","","","1"
"2021","Canada","2016A000011124","Unemployment rate","High school graduate","Females","15 to 24 years","Percentage","242","units","0","v2584167","1.8.4.3.2","11.4","","","","1"
"2022","Canada","2016A000011124","Unemployment rate","High school graduate","Females","15 to 24 years","Percentage","242","units","0","v2584167","1.8.4.3.2","9.0","","","","1"
"2023","Canada","2016A000011124","Unemployment rate","High school graduate","Females","15 to 24 years","Percentage","242","units","0","v2584167","1.8.4.3.2","10.6","","","","1"
"2018","Canada","2016A000011124","Unemployment rate","High school graduate","Females","25 years and over","Percentage","242","units","0","v2584257","1.8.4.3.3","5.6","","","","1"
"2019","Canada","2016A000011124","Unemployment rate","High school graduate","Females","25 years and over","Percentage","242","units","0","v2584257","1.8.4.3.3","5.5","","","","1"
"2020","Canada","2016A000011124","Unemployment rate","High school graduate","Females","25 years and over","Percentage","242","units","0","v2584257","1.8.4.3.3","9.7","","","","1"
"2021","Canada","2016A000011124","Unemployment rate","High school graduate","Females","25 years and over","Percentage","242","units","0","v2584257","1.8.4.3.3","8.4","","","","1"
"2022","Canada","2016A000011124","Unemployment rate","High school graduate","Females","25 years and over","Percentage","242","units","0","v2584257","1.8.4.3.3","5.7","","","","1"
"2023","Canada","2016A000011124","Unemployment rate","High school graduate","Females","25 years and over","Percentage","242","units","0","v2584257","1.8.4.3.3","5.6","","","","1"
"2018","Canada","2016A000011124","Unemployment rate","High school graduate","Females","25 to 44 years","Percentage","242","units","0","v2584347","1.8.4.3.4","6.2","","","","1"
"2019","Canada","2016A000011124","Unemployment rate","High school graduate","Females","25 to 44 years","Percentage","242","units","0","v2584347","1.8.4.3.4","6.8","","","","1"
"2020","Canada","2016A000011124","Unemployment rate","High school graduate","Females","25 to 44 years","Percentage","242","units","0","v2584347","1.8.4.3.4","11.0","","","","1"
"2021","Canada","2016A000011124","Unemployment rate","High school graduate","Females","25 to 44 years","Percentage","242","units","0","v2584347","1.8.4.3.4","9.1","","","","1"
"2022","Canada","2016A000011124","Unemployment rate","High school graduate","Females","25 to 44 years","Percentage","242","units","0","v2584347","1.8.4.3.4","6.9","","","","1"
"2023","Canada","2016A000011124","Unemployment rate","High school graduate","Females","25 to 44 years","Percentage","242","units","0","v2584347","1.8.4.3.4","7.4","","","","1"
"2018","Canada","2016A000011124","Unemployment rate","High school graduate","Females","45 years and over","Percentage","242","units","0","v2584437","1.8.4.3.5","5.3","","","","1"
"2019","Canada","2016A000011124","Unemployment rate","High school graduate","Females","45 years and over","Percentage","242","units","0","v2584437","1.8.4.3.5","4.7","","","","1"
"2020","Canada","2016A000011124","Unemployment rate","High school graduate","Females","45 years and over","Percentage","242","units","0","v2584437","1.8.4.3.5","8.9","","","","1"
"2021","Canada","2016A000011124","Unemployment rate","High school graduate","Females","45 years and over","Percentage","242","units","0","v2584437","1.8.4.3.5","8.0","","","","1"
"2022","Canada","2016A000011124","Unemployment rate","High school graduate","Females","45 years and over","Percentage","242","units","0","v2584437","1.8.4.3.5","4.9","","","","1"
"2023","Canada","2016A000011124","Unemployment rate","High school graduate","Females","45 years and over","Percentage","242","units","0","v2584437","1.8.4.3.5","4.4","","","","1"
"2018","Canada","2016A000011124","Unemployment rate","High school graduate","Females","25 to 54 years","Percentage","242","units","0","v2584527","1.8.4.3.6","5.9","","","","1"
"2019","Canada","2016A000011124","Unemployment rate","High school graduate","Females","25 to 54 years","Percentage","242","units","0","v2584527","1.8.4.3.6","6.0","","","","1"
"2020","Canada","2016A000011124","Unemployment rate","High school graduate","Females","25 to 54 years","Percentage","242","units","0","v2584527","1.8.4.3.6","10.6","","","","1"
"2021","Canada","2016A000011124","Unemployment rate","High school graduate","Females","25 to 54 years","Percentage","242","units","0","v2584527","1.8.4.3.6","8.8","","","","1"
"2022","Canada","2016A000011124","Unemployment rate","High school graduate","Females","25 to 54 years","Percentage","242","units","0","v2584527","1.8.4.3.6","6.1","","","","1"
"2023","Canada","2016A000011124","Unemployment rate","High school graduate","Females","25 to 54 years","Percentage","242","units","0","v2584527","1.8.4.3.6","6.4","","","","1"
"2018","Canada","2016A000011124","Unemployment rate","High school graduate","Females","55 years and over","Percentage","242","units","0","v2584617","1.8.4.3.7","5.3","","","","1"
"2019","Canada","2016A000011124","Unemployment rate","High school graduate","Females","55 years and over","Percentage","242","units","0","v2584617","1.8.4.3.7","4.6","","","","1"
"2020","Canada","2016A000011124","Unemployment rate","High school graduate","Females","55 years and over","Percentage","242","units","0","v2584617","1.8.4.3.7","8.1","","","","1"
"2021","Canada","2016A000011124","Unemployment rate","High school graduate","Females","55 years and over","Percentage","242","units","0","v2584617","1.8.4.3.7","7.8","","","","1"
"2022","Canada","2016A000011124","Unemployment rate","High school graduate","Females","55 years and over","Percentage","242","units","0","v2584617","1.8.4.3.7","5.0","","","","1"
"2023","Canada","2016A000011124","Unemployment rate","High school graduate","Females","55 years and over","Percentage","242","units","0","v2584617","1.8.4.3.7","4.2","","","","1"
"2018","Canada","2016A000011124","Unemployment rate","High school graduate","Females","55 to 64 years","Percentage","242","units","0","v2584707","1.8.4.3.8","5.6","","","","1"
"2019","Canada","2016A000011124","Unemployment rate","High school graduate","Females","55 to 64 years","Percentage","242","units","0","v2584707","1.8.4.3.8","4.7","","","","1"
"2020","Canada","2016A000011124","Unemployment rate","High school graduate","Females","55 to 64 years","Percentage","242","units","0","v2584707","1.8.4.3.8","8.2","","","","1"
"2021","Canada","2016A000011124","Unemployment rate","High school graduate","Females","55 to 64 years","Percentage","242","units","0","v2584707","1.8.4.3.8","7.9","","","","1"
"2022","Canada","2016A000011124","Unemployment rate","High school graduate","Females","55 to 64 years","Percentage","242","units","0","v2584707","1.8.4.3.8","5.5","","","","1"
"2023","Canada","2016A000011124","Unemployment rate","High school graduate","Females","55 to 64 years","Percentage","242","units","0","v2584707","1.8.4.3.8","4.7","","","","1"
"2018","Canada","2016A000011124","Unemployment rate","Some postsecondary","Males","15 to 24 years","Percentage","242","units","0","v2583358","1.8.5.2.2","10.5","","","","1"
"2019","Canada","2016A000011124","Unemployment rate","Some postsecondary","Males","15 to 24 years","Percentage","242","units","0","v2583358","1.8.5.2.2","11.0","","","","1"
"2020","Canada","2016A000011124","Unemployment rate","Some postsecondary","Males","15 to 24 years","Percentage","242","units","0","v2583358","1.8.5.2.2","21.9","","","","1"
"2021","Canada","2016A000011124","Unemployment rate","Some postsecondary","Males","15 to 24 years","Percentage","242","units","0","v2583358","1.8.5.2.2","15.5","","","","1"
"2022","Canada","2016A000011124","Unemployment rate","Some postsecondary","Males","15 to 24 years","Percentage","242","units","0","v2583358","1.8.5.2.2","9.5","","","","1"
"2023","Canada","2016A000011124","Unemployment rate","Some postsecondary","Males","15 to 24 years","Percentage","242","units","0","v2583358","1.8.5.2.2","10.5","","","","1"
"2018","Canada","2016A000011124","Unemployment rate","Some postsecondary","Males","25 years and over","Percentage","242","units","0","v2583448","1.8.5.2.3","6.2","","","","1"
"2019","Canada","2016A000011124","Unemployment rate","Some postsecondary","Males","25 years and over","Percentage","242","units","0","v2583448","1.8.5.2.3","5.8","","","","1"
"2020","Canada","2016A000011124","Unemployment rate","Some postsecondary","Males","25 years and over","Percentage","242","units","0","v2583448","1.8.5.2.3","11.2","","","","1"
"2021","Canada","2016A000011124","Unemployment rate","Some postsecondary","Males","25 years and over","Percentage","242","units","0","v2583448","1.8.5.2.3","9.0","","","","1"
"2022","Canada","2016A000011124","Unemployment rate","Some postsecondary","Males","25 years and over","Percentage","242","units","0","v2583448","1.8.5.2.3","5.1","","","","1"
"2023","Canada","2016A000011124","Unemployment rate","Some postsecondary","Males","25 years and over","Percentage","242","units","0","v2583448","1.8.5.2.3","5.3","","","","1"
"2018","Canada","2016A000011124","Unemployment rate","Some postsecondary","Males","25 to 44 years","Percentage","242","units","0","v2583538","1.8.5.2.4","6.7","","","","1"
"2019","Canada","2016A000011124","Unemployment rate","Some postsecondary","Males","25 to 44 years","Percentage","242","units","0","v2583538","1.8.5.2.4","6.8","","","","1"
"2020","Canada","2016A000011124","Unemployment rate","Some postsecondary","Males","25 to 44 years","Percentage","242","units","0","v2583538","1.8.5.2.4","13.3","","","","1"
"2021","Canada","2016A000011124","Unemployment rate","Some postsecondary","Males","25 to 44 years","Percentage","242","units","0","v2583538","1.8.5.2.4","10.9","","","","1"
"2022","Canada","2016A000011124","Unemployment rate","Some postsecondary","Males","25 to 44 years","Percentage","242","units","0","v2583538","1.8.5.2.4","5.9","","","","1"
"2023","Canada","2016A000011124","Unemployment rate","Some postsecondary","Males","25 to 44 years","Percentage","242","units","0","v2583538","1.8.5.2.4","6.4","","","","1"
"2018","Canada","2016A000011124","Unemployment rate","Some postsecondary","Males","45 years and over","Percentage","242","units","0","v2583628","1.8.5.2.5","5.6","","","","1"
"2019","Canada","2016A000011124","Unemployment rate","Some postsecondary","Males","45 years and over","Percentage","242","units","0","v2583628","1.8.5.2.5","4.6","","","","1"
"2020","Canada","2016A000011124","Unemployment rate","Some postsecondary","Males","45 years and over","Percentage","242","units","0","v2583628","1.8.5.2.5","8.5","","","","1"
"2021","Canada","2016A000011124","Unemployment rate","Some postsecondary","Males","45 years and over","Percentage","242","units","0","v2583628","1.8.5.2.5","6.9","","","","1"
"2022","Canada","2016A000011124","Unemployment rate","Some postsecondary","Males","45 years and over","Percentage","242","units","0","v2583628","1.8.5.2.5","4.1","","","","1"
"2023","Canada","2016A000011124","Unemployment rate","Some postsecondary","Males","45 years and over","Percentage","242","units","0","v2583628","1.8.5.2.5","3.9","","","","1"
"2018","Canada","2016A000011124","Unemployment rate","Some postsecondary","Males","25 to 54 years","Percentage","242","units","0","v2583718","1.8.5.2.6","6.3","","","","1"
"2019","Canada","2016A000011124","Unemployment rate","Some postsecondary","Males","25 to 54 years","Percentage","242","units","0","v2583718","1.8.5.2.6","6.3","","","","1"
"2020","Canada","2016A000011124","Unemployment rate","Some postsecondary","Males","25 to 54 years","Percentage","242","units","0","v2583718","1.8.5.2.6","12.0","","","","1"
"2021","Canada","2016A000011124","Unemployment rate","Some postsecondary","Males","25 to 54 years","Percentage","242","units","0","v2583718","1.8.5.2.6","10.0","","","","1"
"2022","Canada","2016A000011124","Unemployment rate","Some postsecondary","Males","25 to 54 years","Percentage","242","units","0","v2583718","1.8.5.2.6","5.3","","","","1"
"2023","Canada","2016A000011124","Unemployment rate","Some postsecondary","Males","25 to 54 years","Percentage","242","units","0","v2583718","1.8.5.2.6","5.7","","","","1"
"2018","Canada","2016A000011124","Unemployment rate","Some postsecondary","Males","55 years and over","Percentage","242","units","0","v2583808","1.8.5.2.7","6.0","","","","1"
"2019","Canada","2016A000011124","Unemployment rate","Some postsecondary","Males","55 years and over","Percentage","242","units","0","v2583808","1.8.5.2.7","4.4","","","","1"
"2020","Canada","2016A000011124","Unemployment rate","Some postsecondary","Males","55 years and over","Percentage","242","units","0","v2583808","1.8.5.2.7","8.5","","","","1"
"2021","Canada","2016A000011124","Unemployment rate","Some postsecondary","Males","55 years and over","Percentage","242","units","0","v2583808","1.8.5.2.7","6.1","","","","1"
"2022","Canada","2016A000011124","Unemployment rate","Some postsecondary","Males","55 years and over","Percentage","242","units","0","v2583808","1.8.5.2.7","4.6","","","","1"
"2023","Canada","2016A000011124","Unemployment rate","Some postsecondary","Males","55 years and over","Percentage","242","units","0","v2583808","1.8.5.2.7","4.1","","","","1"
"2018","Canada","2016A000011124","Unemployment rate","Some postsecondary","Males","55 to 64 years","Percentage","242","units","0","v2583898","1.8.5.2.8","6.8","","","","1"
"2019","Canada","2016A000011124","Unemployment rate","Some postsecondary","Males","55 to 64 years","Percentage","242","units","0","v2583898","1.8.5.2.8","4.3","","","","1"
"2020","Canada","2016A000011124","Unemployment rate","Some postsecondary","Males","55 to 64 years","Percentage","242","units","0","v2583898","1.8.5.2.8","9.7","","","","1"
"2021","Canada","2016A000011124","Unemployment rate","Some postsecondary","Males","55 to 64 years","Percentage","242","units","0","v2583898","1.8.5.2.8","5.7","","","","1"
"2022","Canada","2016A000011124","Unemployment rate","Some postsecondary","Males","55 to 64 years","Percentage","242","units","0","v2583898","1.8.5.2.8","5.6","","","","1"
"2023","Canada","2016A000011124","Unemployment rate","Some postsecondary","Males","55 to 64 years","Percentage","242","units","0","v2583898","1.8.5.2.8","4.3","","","","1"
"2018","Canada","2016A000011124","Unemployment rate","Some postsecondary","Females","15 to 24 years","Percentage","242","units","0","v2584168","1.8.5.3.2","9.1","","","","1"
"2019","Canada","2016A000011124","Unemployment rate","Some postsecondary","Females","15 to 24 years","Percentage","242","units","0","v2584168","1.8.5.3.2","8.7","","","","1"
"2020","Canada","2016A000011124","Unemployment rate","Some postsecondary","Females","15 to 24 years","Percentage","242","units","0","v2584168","1.8.5.3.2","21.2","","","","1"
"2021","Canada","2016A000011124","Unemployment rate","Some postsecondary","Females","15 to 24 years","Percentage","242","units","0","v2584168","1.8.5.3.2","14.7","","","","1"
"2022","Canada","2016A000011124","Unemployment rate","Some postsecondary","Females","15 to 24 years","Percentage","242","units","0","v2584168","1.8.5.3.2","7.5","","","","1"
"2023","Canada","2016A000011124","Unemployment rate","Some postsecondary","Females","15 to 24 years","Percentage","242","units","0","v2584168","1.8.5.3.2","7.8","","","","1"
"2018","Canada","2016A000011124","Unemployment rate","Some postsecondary","Females","25 years and over","Percentage","242","units","0","v2584258","1.8.5.3.3","5.9","","","","1"
"2019","Canada","2016A000011124","Unemployment rate","Some postsecondary","Females","25 years and over","Percentage","242","units","0","v2584258","1.8.5.3.3","6.2","","","","1"
"2020","Canada","2016A000011124","Unemployment rate","Some postsecondary","Females","25 years and over","Percentage","242","units","0","v2584258","1.8.5.3.3","10.1","","","","1"
"2021","Canada","2016A000011124","Unemployment rate","Some postsecondary","Females","25 years and over","Percentage","242","units","0","v2584258","1.8.5.3.3","9.8","","","","1"
"2022","Canada","2016A000011124","Unemployment rate","Some postsecondary","Females","25 years and over","Percentage","242","units","0","v2584258","1.8.5.3.3","6.2","","","","1"
"2023","Canada","2016A000011124","Unemployment rate","Some postsecondary","Females","25 years and over","Percentage","242","units","0","v2584258","1.8.5.3.3","5.6","","","","1"
"2018","Canada","2016A000011124","Unemployment rate","Some postsecondary","Females","25 to 44 years","Percentage","242","units","0","v2584348","1.8.5.3.4","6.5","","","","1"
"2019","Canada","2016A000011124","Unemployment rate","Some postsecondary","Females","25 to 44 years","Percentage","242","units","0","v2584348","1.8.5.3.4","7.4","","","","1"
"2020","Canada","2016A000011124","Unemployment rate","Some postsecondary","Females","25 to 44 years","Percentage","242","units","0","v2584348","1.8.5.3.4","11.1","","","","1"
"2021","Canada","2016A000011124","Unemployment rate","Some postsecondary","Females","25 to 44 years","Percentage","242","units","0","v2584348","1.8.5.3.4","12.9","","","","1"
"2022","Canada","2016A000011124","Unemployment rate","Some postsecondary","Females","25 to 44 years","Percentage","242","units","0","v2584348","1.8.5.3.4","7.5","","","","1"
"2023","Canada","2016A000011124","Unemployment rate","Some postsecondary","Females","25 to 44 years","Percentage","242","units","0","v2584348","1.8.5.3.4","7.1","","","","1"
"2018","Canada","2016A000011124","Unemployment rate","Some postsecondary","Females","45 years and over","Percentage","242","units","0","v2584438","1.8.5.3.5","5.3","","","","1"
"2019","Canada","2016A000011124","Unemployment rate","Some postsecondary","Females","45 years and over","Percentage","242","units","0","v2584438","1.8.5.3.5","4.9","","","","1"
"2020","Canada","2016A000011124","Unemployment rate","Some postsecondary","Females","45 years and over","Percentage","242","units","0","v2584438","1.8.5.3.5","9.1","","","","1"
"2021","Canada","2016A000011124","Unemployment rate","Some postsecondary","Females","45 years and over","Percentage","242","units","0","v2584438","1.8.5.3.5","6.6","","","","1"
"2022","Canada","2016A000011124","Unemployment rate","Some postsecondary","Females","45 years and over","Percentage","242","units","0","v2584438","1.8.5.3.5","4.8","","","","1"
"2023","Canada","2016A000011124","Unemployment rate","Some postsecondary","Females","45 years and over","Percentage","242","units","0","v2584438","1.8.5.3.5","4.2","","","","1"
"2018","Canada","2016A000011124","Unemployment rate","Some postsecondary","Females","25 to 54 years","Percentage","242","units","0","v2584528","1.8.5.3.6","6.3","","","","1"
"2019","Canada","2016A000011124","Unemployment rate","Some postsecondary","Females","25 to 54 years","Percentage","242","units","0","v2584528","1.8.5.3.6","6.7","","","","1"
"2020","Canada","2016A000011124","Unemployment rate","Some postsecondary","Females","25 to 54 years","Percentage","242","units","0","v2584528","1.8.5.3.6","10.5","","","","1"
"2021","Canada","2016A000011124","Unemployment rate","Some postsecondary","Females","25 to 54 years","Percentage","242","units","0","v2584528","1.8.5.3.6","11.0","","","","1"
"2022","Canada","2016A000011124","Unemployment rate","Some postsecondary","Females","25 to 54 years","Percentage","242","units","0","v2584528","1.8.5.3.6","6.7","","","","1"
"2023","Canada","2016A000011124","Unemployment rate","Some postsecondary","Females","25 to 54 years","Percentage","242","units","0","v2584528","1.8.5.3.6","6.2","","","","1"
"2018","Canada","2016A000011124","Unemployment rate","Some postsecondary","Females","55 years and over","Percentage","242","units","0","v2584618","1.8.5.3.7","5.1","","","","1"
"2019","Canada","2016A000011124","Unemployment rate","Some postsecondary","Females","55 years and over","Percentage","242","units","0","v2584618","1.8.5.3.7","4.9","","","","1"
"2020","Canada","2016A000011124","Unemployment rate","Some postsecondary","Females","55 years and over","Percentage","242","units","0","v2584618","1.8.5.3.7","9.1","","","","1"
"2021","Canada","2016A000011124","Unemployment rate","Some postsecondary","Females","55 years and over","Percentage","242","units","0","v2584618","1.8.5.3.7","6.4","","","","1"
"2022","Canada","2016A000011124","Unemployment rate","Some postsecondary","Females","55 years and over","Percentage","242","units","0","v2584618","1.8.5.3.7","4.8","","","","1"
"2023","Canada","2016A000011124","Unemployment rate","Some postsecondary","Females","55 years and over","Percentage","242","units","0","v2584618","1.8.5.3.7","4.3","","","","1"
"2018","Canada","2016A000011124","Unemployment rate","Some postsecondary","Females","55 to 64 years","Percentage","242","units","0","v2584708","1.8.5.3.8","5.3","","","","1"
"2019","Canada","2016A000011124","Unemployment rate","Some postsecondary","Females","55 to 64 years","Percentage","242","units","0","v2584708","1.8.5.3.8","5.1","","","","1"
"2020","Canada","2016A000011124","Unemployment rate","Some postsecondary","Females","55 to 64 years","Percentage","242","units","0","v2584708","1.8.5.3.8","10.4","","","","1"
"2021","Canada","2016A000011124","Unemployment rate","Some postsecondary","Females","55 to 64 years","Percentage","242","units","0","v2584708","1.8.5.3.8","5.7","","","","1"
"2022","Canada","2016A000011124","Unemployment rate","Some postsecondary","Females","55 to 64 years","Percentage","242","units","0","v2584708","1.8.5.3.8","4.3","","","","1"
"2023","Canada","2016A000011124","Unemployment rate","Some postsecondary","Females","55 to 64 years","Percentage","242","units","0","v2584708","1.8.5.3.8","4.5","","","","1"
"2018","Canada","2016A000011124","Unemployment rate","Postsecondary certificate or diploma","Males","15 to 24 years","Percentage","242","units","0","v2583359","1.8.6.2.2","7.0","","","","1"
"2019","Canada","2016A000011124","Unemployment rate","Postsecondary certificate or diploma","Males","15 to 24 years","Percentage","242","units","0","v2583359","1.8.6.2.2","7.2","","","","1"
"2020","Canada","2016A000011124","Unemployment rate","Postsecondary certificate or diploma","Males","15 to 24 years","Percentage","242","units","0","v2583359","1.8.6.2.2","15.6","","","","1"
"2021","Canada","2016A000011124","Unemployment rate","Postsecondary certificate or diploma","Males","15 to 24 years","Percentage","242","units","0","v2583359","1.8.6.2.2","10.5","","","","1"
"2022","Canada","2016A000011124","Unemployment rate","Postsecondary certificate or diploma","Males","15 to 24 years","Percentage","242","units","0","v2583359","1.8.6.2.2","8.0","","","","1"
"2023","Canada","2016A000011124","Unemployment rate","Postsecondary certificate or diploma","Males","15 to 24 years","Percentage","242","units","0","v2583359","1.8.6.2.2","7.4","","","","1"
"2018","Canada","2016A000011124","Unemployment rate","Postsecondary certificate or diploma","Males","25 years and over","Percentage","242","units","0","v2583449","1.8.6.2.3","5.0","","","","1"
"2019","Canada","2016A000011124","Unemployment rate","Postsecondary certificate or diploma","Males","25 years and over","Percentage","242","units","0","v2583449","1.8.6.2.3","4.8","","","","1"
"2020","Canada","2016A000011124","Unemployment rate","Postsecondary certificate or diploma","Males","25 years and over","Percentage","242","units","0","v2583449","1.8.6.2.3","7.8","","","","1"
"2021","Canada","2016A000011124","Unemployment rate","Postsecondary certificate or diploma","Males","25 years and over","Percentage","242","units","0","v2583449","1.8.6.2.3","6.4","","","","1"
"2022","Canada","2016A000011124","Unemployment rate","Postsecondary certificate or diploma","Males","25 years and over","Percentage","242","units","0","v2583449","1.8.6.2.3","4.1","","","","1"
"2023","Canada","2016A000011124","Unemployment rate","Postsecondary certificate or diploma","Males","25 years and over","Percentage","242","units","0","v2583449","1.8.6.2.3","4.1","","","","1"
"2018","Canada","2016A000011124","Unemployment rate","Postsecondary certificate or diploma","Males","25 to 44 years","Percentage","242","units","0","v2583539","1.8.6.2.4","4.7","","","","1"
"2019","Canada","2016A000011124","Unemployment rate","Postsecondary certificate or diploma","Males","25 to 44 years","Percentage","242","units","0","v2583539","1.8.6.2.4","4.7","","","","1"
"2020","Canada","2016A000011124","Unemployment rate","Postsecondary certificate or diploma","Males","25 to 44 years","Percentage","242","units","0","v2583539","1.8.6.2.4","8.3","","","","1"
"2021","Canada","2016A000011124","Unemployment rate","Postsecondary certificate or diploma","Males","25 to 44 years","Percentage","242","units","0","v2583539","1.8.6.2.4","6.4","","","","1"
"2022","Canada","2016A000011124","Unemployment rate","Postsecondary certificate or diploma","Males","25 to 44 years","Percentage","242","units","0","v2583539","1.8.6.2.4","3.9","","","","1"
"2023","Canada","2016A000011124","Unemployment rate","Postsecondary certificate or diploma","Males","25 to 44 years","Percentage","242","units","0","v2583539","1.8.6.2.4","4.3","","","","1"
"2018","Canada","2016A000011124","Unemployment rate","Postsecondary certificate or diploma","Males","45 years and over","Percentage","242","units","0","v2583629","1.8.6.2.5","5.2","","","","1"
"2019","Canada","2016A000011124","Unemployment rate","Postsecondary certificate or diploma","Males","45 years and over","Percentage","242","units","0","v2583629","1.8.6.2.5","4.9","","","","1"
"2020","Canada","2016A000011124","Unemployment rate","Postsecondary certificate or diploma","Males","45 years and over","Percentage","242","units","0","v2583629","1.8.6.2.5","7.3","","","","1"
"2021","Canada","2016A000011124","Unemployment rate","Postsecondary certificate or diploma","Males","45 years and over","Percentage","242","units","0","v2583629","1.8.6.2.5","6.5","","","","1"
"2022","Canada","2016A000011124","Unemployment rate","Postsecondary certificate or diploma","Males","45 years and over","Percentage","242","units","0","v2583629","1.8.6.2.5","4.4","","","","1"
"2023","Canada","2016A000011124","Unemployment rate","Postsecondary certificate or diploma","Males","45 years and over","Percentage","242","units","0","v2583629","1.8.6.2.5","3.9","","","","1"
"2018","Canada","2016A000011124","Unemployment rate","Postsecondary certificate or diploma","Males","25 to 54 years","Percentage","242","units","0","v2583719","1.8.6.2.6","4.7","","","","1"
"2019","Canada","2016A000011124","Unemployment rate","Postsecondary certificate or diploma","Males","25 to 54 years","Percentage","242","units","0","v2583719","1.8.6.2.6","4.4","","","","1"
"2020","Canada","2016A000011124","Unemployment rate","Postsecondary certificate or diploma","Males","25 to 54 years","Percentage","242","units","0","v2583719","1.8.6.2.6","7.6","","","","1"
"2021","Canada","2016A000011124","Unemployment rate","Postsecondary certificate or diploma","Males","25 to 54 years","Percentage","242","units","0","v2583719","1.8.6.2.6","6.0","","","","1"
"2022","Canada","2016A000011124","Unemployment rate","Postsecondary certificate or diploma","Males","25 to 54 years","Percentage","242","units","0","v2583719","1.8.6.2.6","3.7","","","","1"
"2023","Canada","2016A000011124","Unemployment rate","Postsecondary certificate or diploma","Males","25 to 54 years","Percentage","242","units","0","v2583719","1.8.6.2.6","4.0","","","","1"
"2018","Canada","2016A000011124","Unemployment rate","Postsecondary certificate or diploma","Males","55 years and over","Percentage","242","units","0","v2583809","1.8.6.2.7","5.9","","","","1"
"2019","Canada","2016A000011124","Unemployment rate","Postsecondary certificate or diploma","Males","55 years and over","Percentage","242","units","0","v2583809","1.8.6.2.7","5.7","","","","1"
"2020","Canada","2016A000011124","Unemployment rate","Postsecondary certificate or diploma","Males","55 years and over","Percentage","242","units","0","v2583809","1.8.6.2.7","8.6","","","","1"
"2021","Canada","2016A000011124","Unemployment rate","Postsecondary certificate or diploma","Males","55 years and over","Percentage","242","units","0","v2583809","1.8.6.2.7","7.6","","","","1"
"2022","Canada","2016A000011124","Unemployment rate","Postsecondary certificate or diploma","Males","55 years and over","Percentage","242","units","0","v2583809","1.8.6.2.7","5.4","","","","1"
"2023","Canada","2016A000011124","Unemployment rate","Postsecondary certificate or diploma","Males","55 years and over","Percentage","242","units","0","v2583809","1.8.6.2.7","4.6","","","","1"
"2018","Canada","2016A000011124","Unemployment rate","Postsecondary certificate or diploma","Males","55 to 64 years","Percentage","242","units","0","v2583899","1.8.6.2.8","5.9","","","","1"
"2019","Canada","2016A000011124","Unemployment rate","Postsecondary certificate or diploma","Males","55 to 64 years","Percentage","242","units","0","v2583899","1.8.6.2.8","5.8","","","","1"
"2020","Canada","2016A000011124","Unemployment rate","Postsecondary certificate or diploma","Males","55 to 64 years","Percentage","242","units","0","v2583899","1.8.6.2.8","8.6","","","","1"
"2021","Canada","2016A000011124","Unemployment rate","Postsecondary certificate or diploma","Males","55 to 64 years","Percentage","242","units","0","v2583899","1.8.6.2.8","7.2","","","","1"
"2022","Canada","2016A000011124","Unemployment rate","Postsecondary certificate or diploma","Males","55 to 64 years","Percentage","242","units","0","v2583899","1.8.6.2.8","5.3","","","","1"
"2023","Canada","2016A000011124","Unemployment rate","Postsecondary certificate or diploma","Males","55 to 64 years","Percentage","242","units","0","v2583899","1.8.6.2.8","4.6","","","","1"
"2018","Canada","2016A000011124","Unemployment rate","Postsecondary certificate or diploma","Females","15 to 24 years","Percentage","242","units","0","v2584169","1.8.6.3.2","5.3","","","","1"
"2019","Canada","2016A000011124","Unemployment rate","Postsecondary certificate or diploma","Females","15 to 24 years","Percentage","242","units","0","v2584169","1.8.6.3.2","6.1","","","","1"
"2020","Canada","2016A000011124","Unemployment rate","Postsecondary certificate or diploma","Females","15 to 24 years","Percentage","242","units","0","v2584169","1.8.6.3.2","13.8","","","","1"
"2021","Canada","2016A000011124","Unemployment rate","Postsecondary certificate or diploma","Females","15 to 24 years","Percentage","242","units","0","v2584169","1.8.6.3.2","8.1","","","","1"
"2022","Canada","2016A000011124","Unemployment rate","Postsecondary certificate or diploma","Females","15 to 24 years","Percentage","242","units","0","v2584169","1.8.6.3.2","5.4","","","","1"
"2023","Canada","2016A000011124","Unemployment rate","Postsecondary certificate or diploma","Females","15 to 24 years","Percentage","242","units","0","v2584169","1.8.6.3.2","5.5","","","","1"
"2018","Canada","2016A000011124","Unemployment rate","Postsecondary certificate or diploma","Females","25 years and over","Percentage","242","units","0","v2584259","1.8.6.3.3","4.6","","","","1"
"2019","Canada","2016A000011124","Unemployment rate","Postsecondary certificate or diploma","Females","25 years and over","Percentage","242","units","0","v2584259","1.8.6.3.3","4.2","","","","1"
"2020","Canada","2016A000011124","Unemployment rate","Postsecondary certificate or diploma","Females","25 years and over","Percentage","242","units","0","v2584259","1.8.6.3.3","7.8","","","","1"
"2021","Canada","2016A000011124","Unemployment rate","Postsecondary certificate or diploma","Females","25 years and over","Percentage","242","units","0","v2584259","1.8.6.3.3","6.7","","","","1"
"2022","Canada","2016A000011124","Unemployment rate","Postsecondary certificate or diploma","Females","25 years and over","Percentage","242","units","0","v2584259","1.8.6.3.3","4.2","","","","1"
"2023","Canada","2016A000011124","Unemployment rate","Postsecondary certificate or diploma","Females","25 years and over","Percentage","242","units","0","v2584259","1.8.6.3.3","4.1","","","","1"
"2018","Canada","2016A000011124","Unemployment rate","Postsecondary certificate or diploma","Females","25 to 44 years","Percentage","242","units","0","v2584349","1.8.6.3.4","4.4","","","","1"
"2019","Canada","2016A000011124","Unemployment rate","Postsecondary certificate or diploma","Females","25 to 44 years","Percentage","242","units","0","v2584349","1.8.6.3.4","4.2","","","","1"
"2020","Canada","2016A000011124","Unemployment rate","Postsecondary certificate or diploma","Females","25 to 44 years","Percentage","242","units","0","v2584349","1.8.6.3.4","8.0","","","","1"
"2021","Canada","2016A000011124","Unemployment rate","Postsecondary certificate or diploma","Females","25 to 44 years","Percentage","242","units","0","v2584349","1.8.6.3.4","6.3","","","","1"
"2022","Canada","2016A000011124","Unemployment rate","Postsecondary certificate or diploma","Females","25 to 44 years","Percentage","242","units","0","v2584349","1.8.6.3.4","4.2","","","","1"
"2023","Canada","2016A000011124","Unemployment rate","Postsecondary certificate or diploma","Females","25 to 44 years","Percentage","242","units","0","v2584349","1.8.6.3.4","4.2","","","","1"
"2018","Canada","2016A000011124","Unemployment rate","Postsecondary certificate or diploma","Females","45 years and over","Percentage","242","units","0","v2584439","1.8.6.3.5","4.7","","","","1"
"2019","Canada","2016A000011124","Unemployment rate","Postsecondary certificate or diploma","Females","45 years and over","Percentage","242","units","0","v2584439","1.8.6.3.5","4.3","","","","1"
"2020","Canada","2016A000011124","Unemployment rate","Postsecondary certificate or diploma","Females","45 years and over","Percentage","242","units","0","v2584439","1.8.6.3.5","7.5","","","","1"
"2021","Canada","2016A000011124","Unemployment rate","Postsecondary certificate or diploma","Females","45 years and over","Percentage","242","units","0","v2584439","1.8.6.3.5","7.1","","","","1"
"2022","Canada","2016A000011124","Unemployment rate","Postsecondary certificate or diploma","Females","45 years and over","Percentage","242","units","0","v2584439","1.8.6.3.5","4.2","","","","1"
"2023","Canada","2016A000011124","Unemployment rate","Postsecondary certificate or diploma","Females","45 years and over","Percentage","242","units","0","v2584439","1.8.6.3.5","4.1","","","","1"
"2018","Canada","2016A000011124","Unemployment rate","Postsecondary certificate or diploma","Females","25 to 54 years","Percentage","242","units","0","v2584529","1.8.6.3.6","4.5","","","","1"
"2019","Canada","2016A000011124","Unemployment rate","Postsecondary certificate or diploma","Females","25 to 54 years","Percentage","242","units","0","v2584529","1.8.6.3.6","4.0","","","","1"
"2020","Canada","2016A000011124","Unemployment rate","Postsecondary certificate or diploma","Females","25 to 54 years","Percentage","242","units","0","v2584529","1.8.6.3.6","7.7","","","","1"
"2021","Canada","2016A000011124","Unemployment rate","Postsecondary certificate or diploma","Females","25 to 54 years","Percentage","242","units","0","v2584529","1.8.6.3.6","6.2","","","","1"
"2022","Canada","2016A000011124","Unemployment rate","Postsecondary certificate or diploma","Females","25 to 54 years","Percentage","242","units","0","v2584529","1.8.6.3.6","4.0","","","","1"
"2023","Canada","2016A000011124","Unemployment rate","Postsecondary certificate or diploma","Females","25 to 54 years","Percentage","242","units","0","v2584529","1.8.6.3.6","4.0","","","","1"
"2018","Canada","2016A000011124","Unemployment rate","Postsecondary certificate or diploma","Females","55 years and over","Percentage","242","units","0","v2584619","1.8.6.3.7","4.7","","","","1"
"2019","Canada","2016A000011124","Unemployment rate","Postsecondary certificate or diploma","Females","55 years and over","Percentage","242","units","0","v2584619","1.8.6.3.7","5.0","","","","1"
"2020","Canada","2016A000011124","Unemployment rate","Postsecondary certificate or diploma","Females","55 years and over","Percentage","242","units","0","v2584619","1.8.6.3.7","7.9","","","","1"
"2021","Canada","2016A000011124","Unemployment rate","Postsecondary certificate or diploma","Females","55 years and over","Percentage","242","units","0","v2584619","1.8.6.3.7","8.2","","","","1"
"2022","Canada","2016A000011124","Unemployment rate","Postsecondary certificate or diploma","Females","55 years and over","Percentage","242","units","0","v2584619","1.8.6.3.7","4.7","","","","1"
"2023","Canada","2016A000011124","Unemployment rate","Postsecondary certificate or diploma","Females","55 years and over","Percentage","242","units","0","v2584619","1.8.6.3.7","4.4","","","","1"
"2018","Canada","2016A000011124","Unemployment rate","Postsecondary certificate or diploma","Females","55 to 64 years","Percentage","242","units","0","v2584709","1.8.6.3.8","4.8","","","","1"
"2019","Canada","2016A000011124","Unemployment rate","Postsecondary certificate or diploma","Females","55 to 64 years","Percentage","242","units","0","v2584709","1.8.6.3.8","5.2","","","","1"
"2020","Canada","2016A000011124","Unemployment rate","Postsecondary certificate or diploma","Females","55 to 64 years","Percentage","242","units","0","v2584709","1.8.6.3.8","7.4","","","","1"
"2021","Canada","2016A000011124","Unemployment rate","Postsecondary certificate or diploma","Females","55 to 64 years","Percentage","242","units","0","v2584709","1.8.6.3.8","7.9","","","","1"
"2022","Canada","2016A000011124","Unemployment rate","Postsecondary certificate or diploma","Females","55 to 64 years","Percentage","242","units","0","v2584709","1.8.6.3.8","4.7","","","","1"
"2023","Canada","2016A000011124","Unemployment rate","Postsecondary certificate or diploma","Females","55 to 64 years","Percentage","242","units","0","v2584709","1.8.6.3.8","4.5","","","","1"
"2018","Canada","2016A000011124","Unemployment rate","University degree","Males","15 to 24 years","Percentage","242","units","0","v2583360","1.8.7.2.2","10.1","","","","1"
"2019","Canada","2016A000011124","Unemployment rate","University degree","Males","15 to 24 years","Percentage","242","units","0","v2583360","1.8.7.2.2","10.2","","","","1"
"2020","Canada","2016A000011124","Unemployment rate","University degree","Males","15 to 24 years","Percentage","242","units","0","v2583360","1.8.7.2.2","18.5","","","","1"
"2021","Canada","2016A000011124","Unemployment rate","University degree","Males","15 to 24 years","Percentage","242","units","0","v2583360","1.8.7.2.2","12.2","","","","1"
"2022","Canada","2016A000011124","Unemployment rate","University degree","Males","15 to 24 years","Percentage","242","units","0","v2583360","1.8.7.2.2","8.8","","","","1"
"2023","Canada","2016A000011124","Unemployment rate","University degree","Males","15 to 24 years","Percentage","242","units","0","v2583360","1.8.7.2.2","10.1","","","","1"
"2018","Canada","2016A000011124","Unemployment rate","University degree","Males","25 years and over","Percentage","242","units","0","v2583450","1.8.7.2.3","4.0","","","","1"
"2019","Canada","2016A000011124","Unemployment rate","University degree","Males","25 years and over","Percentage","242","units","0","v2583450","1.8.7.2.3","4.0","","","","1"
"2020","Canada","2016A000011124","Unemployment rate","University degree","Males","25 years and over","Percentage","242","units","0","v2583450","1.8.7.2.3","6.1","","","","1"
"2021","Canada","2016A000011124","Unemployment rate","University degree","Males","25 years and over","Percentage","242","units","0","v2583450","1.8.7.2.3","4.9","","","","1"
"2022","Canada","2016A000011124","Unemployment rate","University degree","Males","25 years and over","Percentage","242","units","0","v2583450","1.8.7.2.3","3.5","","","","1"
"2023","Canada","2016A000011124","Unemployment rate","University degree","Males","25 years and over","Percentage","242","units","0","v2583450","1.8.7.2.3","4.0","","","","1"
"2018","Canada","2016A000011124","Unemployment rate","University degree","Males","25 to 44 years","Percentage","242","units","0","v2583540","1.8.7.2.4","3.9","","","","1"
"2019","Canada","2016A000011124","Unemployment rate","University degree","Males","25 to 44 years","Percentage","242","units","0","v2583540","1.8.7.2.4","4.2","","","","1"
"2020","Canada","2016A000011124","Unemployment rate","University degree","Males","25 to 44 years","Percentage","242","units","0","v2583540","1.8.7.2.4","6.1","","","","1"
"2021","Canada","2016A000011124","Unemployment rate","University degree","Males","25 to 44 years","Percentage","242","units","0","v2583540","1.8.7.2.4","4.7","","","","1"
"2022","Canada","2016A000011124","Unemployment rate","University degree","Males","25 to 44 years","Percentage","242","units","0","v2583540","1.8.7.2.4","3.5","","","","1"
"2023","Canada","2016A000011124","Unemployment rate","University degree","Males","25 to 44 years","Percentage","242","units","0","v2583540","1.8.7.2.4","4.0","","","","1"
"2018","Canada","2016A000011124","Unemployment rate","University degree","Males","45 years and over","Percentage","242","units","0","v2583630","1.8.7.2.5","4.1","","","","1"
"2019","Canada","2016A000011124","Unemployment rate","University degree","Males","45 years and over","Percentage","242","units","0","v2583630","1.8.7.2.5","3.8","","","","1"
"2020","Canada","2016A000011124","Unemployment rate","University degree","Males","45 years and over","Percentage","242","units","0","v2583630","1.8.7.2.5","6.0","","","","1"
"2021","Canada","2016A000011124","Unemployment rate","University degree","Males","45 years and over","Percentage","242","units","0","v2583630","1.8.7.2.5","5.0","","","","1"
"2022","Canada","2016A000011124","Unemployment rate","University degree","Males","45 years and over","Percentage","242","units","0","v2583630","1.8.7.2.5","3.6","","","","1"
"2023","Canada","2016A000011124","Unemployment rate","University degree","Males","45 years and over","Percentage","242","units","0","v2583630","1.8.7.2.5","3.9","","","","1"
"2018","Canada","2016A000011124","Unemployment rate","University degree","Males","25 to 54 years","Percentage","242","units","0","v2583720","1.8.7.2.6","3.8","","","","1"
"2019","Canada","2016A000011124","Unemployment rate","University degree","Males","25 to 54 years","Percentage","242","units","0","v2583720","1.8.7.2.6","3.8","","","","1"
"2020","Canada","2016A000011124","Unemployment rate","University degree","Males","25 to 54 years","Percentage","242","units","0","v2583720","1.8.7.2.6","5.8","","","","1"
"2021","Canada","2016A000011124","Unemployment rate","University degree","Males","25 to 54 years","Percentage","242","units","0","v2583720","1.8.7.2.6","4.6","","","","1"
"2022","Canada","2016A000011124","Unemployment rate","University degree","Males","25 to 54 years","Percentage","242","units","0","v2583720","1.8.7.2.6","3.4","","","","1"
"2023","Canada","2016A000011124","Unemployment rate","University degree","Males","25 to 54 years","Percentage","242","units","0","v2583720","1.8.7.2.6","3.9","","","","1"
"2018","Canada","2016A000011124","Unemployment rate","University degree","Males","55 years and over","Percentage","242","units","0","v2583810","1.8.7.2.7","4.6","","","","1"
"2019","Canada","2016A000011124","Unemployment rate","University degree","Males","55 years and over","Percentage","242","units","0","v2583810","1.8.7.2.7","4.6","","","","1"
"2020","Canada","2016A000011124","Unemployment rate","University degree","Males","55 years and over","Percentage","242","units","0","v2583810","1.8.7.2.7","6.9","","","","1"
"2021","Canada","2016A000011124","Unemployment rate","University degree","Males","55 years and over","Percentage","242","units","0","v2583810","1.8.7.2.7","5.7","","","","1"
"2022","Canada","2016A000011124","Unemployment rate","University degree","Males","55 years and over","Percentage","242","units","0","v2583810","1.8.7.2.7","4.1","","","","1"
"2023","Canada","2016A000011124","Unemployment rate","University degree","Males","55 years and over","Percentage","242","units","0","v2583810","1.8.7.2.7","4.1","","","","1"
"2018","Canada","2016A000011124","Unemployment rate","University degree","Males","55 to 64 years","Percentage","242","units","0","v2583900","1.8.7.2.8","4.6","","","","1"
"2019","Canada","2016A000011124","Unemployment rate","University degree","Males","55 to 64 years","Percentage","242","units","0","v2583900","1.8.7.2.8","4.7","","","","1"
"2020","Canada","2016A000011124","Unemployment rate","University degree","Males","55 to 64 years","Percentage","242","units","0","v2583900","1.8.7.2.8","7.1","","","","1"
"2021","Canada","2016A000011124","Unemployment rate","University degree","Males","55 to 64 years","Percentage","242","units","0","v2583900","1.8.7.2.8","5.5","","","","1"
"2022","Canada","2016A000011124","Unemployment rate","University degree","Males","55 to 64 years","Percentage","242","units","0","v2583900","1.8.7.2.8","4.0","","","","1"
"2023","Canada","2016A000011124","Unemployment rate","University degree","Males","55 to 64 years","Percentage","242","units","0","v2583900","1.8.7.2.8","4.1","","","","1"
"2018","Canada","2016A000011124","Unemployment rate","University degree","Females","15 to 24 years","Percentage","242","units","0","v2584170","1.8.7.3.2","7.5","","","","1"
"2019","Canada","2016A000011124","Unemployment rate","University degree","Females","15 to 24 years","Percentage","242","units","0","v2584170","1.8.7.3.2","6.6","","","","1"
"2020","Canada","2016A000011124","Unemployment rate","University degree","Females","15 to 24 years","Percentage","242","units","0","v2584170","1.8.7.3.2","16.3","","","","1"
"2021","Canada","2016A000011124","Unemployment rate","University degree","Females","15 to 24 years","Percentage","242","units","0","v2584170","1.8.7.3.2","8.6","","","","1"
"2022","Canada","2016A000011124","Unemployment rate","University degree","Females","15 to 24 years","Percentage","242","units","0","v2584170","1.8.7.3.2","7.1","","","","1"
"2023","Canada","2016A000011124","Unemployment rate","University degree","Females","15 to 24 years","Percentage","242","units","0","v2584170","1.8.7.3.2","7.6","","","","1"
"2018","Canada","2016A000011124","Unemployment rate","University degree","Females","25 years and over","Percentage","242","units","0","v2584260","1.8.7.3.3","4.2","","","","1"
"2019","Canada","2016A000011124","Unemployment rate","University degree","Females","25 years and over","Percentage","242","units","0","v2584260","1.8.7.3.3","3.9","","","","1"
"2020","Canada","2016A000011124","Unemployment rate","University degree","Females","25 years and over","Percentage","242","units","0","v2584260","1.8.7.3.3","6.5","","","","1"
"2021","Canada","2016A000011124","Unemployment rate","University degree","Females","25 years and over","Percentage","242","units","0","v2584260","1.8.7.3.3","4.8","","","","1"
"2022","Canada","2016A000011124","Unemployment rate","University degree","Females","25 years and over","Percentage","242","units","0","v2584260","1.8.7.3.3","3.8","","","","1"
"2023","Canada","2016A000011124","Unemployment rate","University degree","Females","25 years and over","Percentage","242","units","0","v2584260","1.8.7.3.3","3.9","","","","1"
"2018","Canada","2016A000011124","Unemployment rate","University degree","Females","25 to 44 years","Percentage","242","units","0","v2584350","1.8.7.3.4","4.5","","","","1"
"2019","Canada","2016A000011124","Unemployment rate","University degree","Females","25 to 44 years","Percentage","242","units","0","v2584350","1.8.7.3.4","4.1","","","","1"
"2020","Canada","2016A000011124","Unemployment rate","University degree","Females","25 to 44 years","Percentage","242","units","0","v2584350","1.8.7.3.4","7.2","","","","1"
"2021","Canada","2016A000011124","Unemployment rate","University degree","Females","25 to 44 years","Percentage","242","units","0","v2584350","1.8.7.3.4","4.7","","","","1"
"2022","Canada","2016A000011124","Unemployment rate","University degree","Females","25 to 44 years","Percentage","242","units","0","v2584350","1.8.7.3.4","3.9","","","","1"
"2023","Canada","2016A000011124","Unemployment rate","University degree","Females","25 to 44 years","Percentage","242","units","0","v2584350","1.8.7.3.4","4.2","","","","1"
"2018","Canada","2016A000011124","Unemployment rate","University degree","Females","45 years and over","Percentage","242","units","0","v2584440","1.8.7.3.5","3.7","","","","1"
"2019","Canada","2016A000011124","Unemployment rate","University degree","Females","45 years and over","Percentage","242","units","0","v2584440","1.8.7.3.5","3.4","","","","1"
"2020","Canada","2016A000011124","Unemployment rate","University degree","Females","45 years and over","Percentage","242","units","0","v2584440","1.8.7.3.5","5.5","","","","1"
"2021","Canada","2016A000011124","Unemployment rate","University degree","Females","45 years and over","Percentage","242","units","0","v2584440","1.8.7.3.5","5.0","","","","1"
"2022","Canada","2016A000011124","Unemployment rate","University degree","Females","45 years and over","Percentage","242","units","0","v2584440","1.8.7.3.5","3.6","","","","1"
"2023","Canada","2016A000011124","Unemployment rate","University degree","Females","45 years and over","Percentage","242","units","0","v2584440","1.8.7.3.5","3.4","","","","1"
"2018","Canada","2016A000011124","Unemployment rate","University degree","Females","25 to 54 years","Percentage","242","units","0","v2584530","1.8.7.3.6","4.4","","","","1"
"2019","Canada","2016A000011124","Unemployment rate","University degree","Females","25 to 54 years","Percentage","242","units","0","v2584530","1.8.7.3.6","3.9","","","","1"
"2020","Canada","2016A000011124","Unemployment rate","University degree","Females","25 to 54 years","Percentage","242","units","0","v2584530","1.8.7.3.6","6.5","","","","1"
"2021","Canada","2016A000011124","Unemployment rate","University degree","Females","25 to 54 years","Percentage","242","units","0","v2584530","1.8.7.3.6","4.5","","","","1"
"2022","Canada","2016A000011124","Unemployment rate","University degree","Females","25 to 54 years","Percentage","242","units","0","v2584530","1.8.7.3.6","3.8","","","","1"
"2023","Canada","2016A000011124","Unemployment rate","University degree","Females","25 to 54 years","Percentage","242","units","0","v2584530","1.8.7.3.6","3.9","","","","1"
"2018","Canada","2016A000011124","Unemployment rate","University degree","Females","55 years and over","Percentage","242","units","0","v2584620","1.8.7.3.7","3.4","","","","1"
"2019","Canada","2016A000011124","Unemployment rate","University degree","Females","55 years and over","Percentage","242","units","0","v2584620","1.8.7.3.7","3.6","","","","1"
"2020","Canada","2016A000011124","Unemployment rate","University degree","Females","55 years and over","Percentage","242","units","0","v2584620","1.8.7.3.7","6.6","","","","1"
"2021","Canada","2016A000011124","Unemployment rate","University degree","Females","55 years and over","Percentage","242","units","0","v2584620","1.8.7.3.7","6.7","","","","1"
"2022","Canada","2016A000011124","Unemployment rate","University degree","Females","55 years and over","Percentage","242","units","0","v2584620","1.8.7.3.7","3.8","","","","1"
"2023","Canada","2016A000011124","Unemployment rate","University degree","Females","55 years and over","Percentage","242","units","0","v2584620","1.8.7.3.7","4.0","","","","1"
"2018","Canada","2016A000011124","Unemployment rate","University degree","Females","55 to 64 years","Percentage","242","units","0","v2584710","1.8.7.3.8","3.6","","","","1"
"2019","Canada","2016A000011124","Unemployment rate","University degree","Females","55 to 64 years","Percentage","242","units","0","v2584710","1.8.7.3.8","3.9","","","","1"
"2020","Canada","2016A000011124","Unemployment rate","University degree","Females","55 to 64 years","Percentage","242","units","0","v2584710","1.8.7.3.8","6.5","","","","1"
"2021","Canada","2016A000011124","Unemployment rate","University degree","Females","55 to 64 years","Percentage","242","units","0","v2584710","1.8.7.3.8","6.6","","","","1"
"2022","Canada","2016A000011124","Unemployment rate","University degree","Females","55 to 64 years","Percentage","242","units","0","v2584710","1.8.7.3.8","3.7","","","","1"
"2023","Canada","2016A000011124","Unemployment rate","University degree","Females","55 to 64 years","Percentage","242","units","0","v2584710","1.8.7.3.8","4.0","","","","1"


